Scenario,MMD Mean,MMD Std,MMD Max,MMD Fold-Change,Mahalanobis Fold-Change (r30),Ratio (Mahal/MMD)
Stationary Baseline,0.47468252931773164,0.06390847691294889,0.5898074927438888,1.0,1.0,1.0
Abrupt Drift,0.4186045992632153,0.11192727774280765,0.5682385821332341,1.19709183936045,3.33,2.78174145918417
Gradual Drift,0.43410604519030366,0.04852993132703579,0.5631918135413713,1.1864599574601058,2.52,2.123965485859841
